Word,Importance
ischemic,0.010027814
acute,0.010025688
stroke,0.010024848
demonstrates,0.010021502
mri,0.01001937
in,0.010017601
hemisphere,0.0100121545
the,0.010010578
left,0.010008506
